{
    "items": [
        {
            "Name": "Managers",
            "TextColor": {
                "r": 0.0,
                "g": 1.0,
                "b": 0.18039216101169587,
                "a": 1.0
            },
            "FontSize": 13,
            "FontStyle": 0,
            "ImageColor": {
                "r": 0.0,
                "g": 1.0,
                "b": 0.17880010604858399,
                "a": 0.8627451062202454
            },
            "ImageType": 4
        },
        {
            "Name": "Setup",
            "TextColor": {
                "r": 0.0,
                "g": 0.7450980544090271,
                "b": 1.0,
                "a": 1.0
            },
            "FontSize": 13,
            "FontStyle": 0,
            "ImageColor": {
                "r": 0.0,
                "g": 0.7450980544090271,
                "b": 1.0,
                "a": 0.8627451062202454
            },
            "ImageType": 4
        },
        {
            "Name": "Enviroment",
            "TextColor": {
                "r": 0.9960784316062927,
                "g": 0.1921568661928177,
                "b": 1.0,
                "a": 1.0
            },
            "FontSize": 13,
            "FontStyle": 0,
            "ImageColor": {
                "r": 0.9960784316062927,
                "g": 0.1921568661928177,
                "b": 1.0,
                "a": 0.8627451062202454
            },
            "ImageType": 4
        },
        {
            "Name": "Canvases",
            "TextColor": {
                "r": 1.0,
                "g": 0.2078431397676468,
                "b": 0.5215686559677124,
                "a": 1.0
            },
            "FontSize": 13,
            "FontStyle": 0,
            "ImageColor": {
                "r": 1.0,
                "g": 0.2078431397676468,
                "b": 0.5215686559677124,
                "a": 0.8627451062202454
            },
            "ImageType": 4
        }
    ]
}