{
    "items": [
        {
            "Name": "a",
            "TextColor": {
                "r": 1.0,
                "g": 0.01572316884994507,
                "b": 0.01572316884994507,
                "a": 0.27450981736183169
            },
            "IsGradientBackground": true,
            "BackgroundColor": {
                "r": 0.7803921699523926,
                "g": 0.9019607901573181,
                "b": 0.9450980424880981,
                "a": 1.0
            },
            "BackgroundGradient": {
                "serializedVersion": "2",
                "key0": {
                    "r": 0.4842766523361206,
                    "g": 0.4842766523361206,
                    "b": 0.4842766523361206,
                    "a": 1.0
                },
                "key1": {
                    "r": 0.2196078598499298,
                    "g": 0.2196078598499298,
                    "b": 0.2196078598499298,
                    "a": 1.0
                },
                "key2": {
                    "r": 0.2196078598499298,
                    "g": 0.2196078598499298,
                    "b": 0.2196078598499298,
                    "a": 1.0
                },
                "key3": {
                    "r": 0.2196078598499298,
                    "g": 0.2196078598499298,
                    "b": 0.2196078598499298,
                    "a": 1.0
                },
                "key4": {
                    "r": 0.0,
                    "g": 0.0,
                    "b": 0.0,
                    "a": 0.0
                },
                "key5": {
                    "r": 0.0,
                    "g": 0.0,
                    "b": 0.0,
                    "a": 0.0
                },
                "key6": {
                    "r": 0.0,
                    "g": 0.0,
                    "b": 0.0,
                    "a": 0.0
                },
                "key7": {
                    "r": 0.0,
                    "g": 0.0,
                    "b": 0.0,
                    "a": 0.0
                },
                "ctime0": 257,
                "ctime1": 65535,
                "ctime2": 65535,
                "ctime3": 65535,
                "ctime4": 0,
                "ctime5": 0,
                "ctime6": 0,
                "ctime7": 0,
                "atime0": 0,
                "atime1": 65535,
                "atime2": 65535,
                "atime3": 65535,
                "atime4": 0,
                "atime5": 0,
                "atime6": 0,
                "atime7": 0,
                "m_Mode": 2,
                "m_ColorSpace": 0,
                "m_NumColorKeys": 2,
                "m_NumAlphaKeys": 2
            },
            "FontSize": 13,
            "FontStyle": 2,
            "TextAnchor": 5,
            "ImageType": 12
        }
    ]
}